{
    "effective sweep list": [
        1000,
        500,
        500,
        500,
        500
    ],
    "maximum bond dimension per tebd step": [
        20,
        20,
        21,
        21,
        22
    ],
    "energy sweep list": [
        -0.001885394291426687,
        -0.002649630845303983,
        -0.003798787093323517,
        -0.005336175293726958,
        -0.0072661273812445575
    ],
    "Trotter-Suzuki time step": 0.001,
    "sweep range": [
        1000,
        1500,
        2000,
        2500,
        3000
    ],
    "magnetization sweep list": [
        -0.01003141607802726,
        -0.010022727844121872,
        -0.010009633957861697,
        -0.009992060283151517,
        -0.00996990751290375
    ],
    "axis spin": "z",
    "Dmax": 300,
    "initial bond dimension": 10,
    "J": 1,
    "cutoff": 1.0e-15,
    "N": 100
}
