{
  "parameters": {
    "max bond dimension": 500,
    "nsweep range": [
      100,
      200,
      50
    ],
    "fixed number of sweep": 50,
    "cutoff": 1.0e-15,
    "N": 50,
    "disorder": 0,
    "length range": [
      5,
      50
    ],
    "J": 1,
    "Trotter-Suzuki step": 0.001,
    "D0": 10,
    "site measure": 25
  },
  "results": {
    "energy sweep list": [
      -0.03547305775061899,
      -0.056192546230722486,
      -0.07734521840617513
    ],
    "sweep list": [
      100,
      150,
      200
    ],
    "length list": [
      5,
      6,
      7,
      8,
      9,
      10,
      11,
      12,
      13,
      14,
      15,
      16,
      17,
      18,
      19,
      20,
      21,
      22,
      23,
      24,
      25,
      26,
      27,
      28,
      29,
      30,
      31,
      32,
      33,
      34,
      35,
      36,
      37,
      38,
      39,
      40,
      41,
      42,
      43,
      44,
      45,
      46,
      47,
      48,
      49,
      50
    ],
    "energy length list": [
      -0.030742136572799117,
      -0.162916333911339,
      0.02774367002957712,
      -0.058186713155708544,
      0.008775580297881683,
      -0.005422408575347423,
      -0.029819072018627577,
      -0.03176747237508871,
      -0.02212697856332908,
      -0.01175073606607879,
      -0.016311049566017432,
      -0.06144805250696164,
      -0.0029661926203702563,
      -0.030003507676514846,
      -0.042907780594803435,
      -0.018469512709514017,
      -0.02681748029568156,
      -0.01251397792932737,
      -0.04198087419974541,
      -0.032268244905550976,
      -0.023586585423802386,
      -0.008291565361317237,
      -0.033258531742044864,
      -0.016279605158446307,
      -0.021797782605279238,
      -0.018148768005922078,
      -0.013269198927632819,
      -0.041177121645958624,
      -0.03369457311459784,
      -0.020465857032978842,
      -0.023539413950961426,
      -0.020357925540286925,
      -0.02979228425607778,
      -0.008882769684753492,
      -0.014038772638319477,
      -0.01726179495136334,
      -0.021955777963002826,
      -0.013485649240895988,
      -0.03177166028732192,
      -0.01680001392715066,
      -0.006343868552205569,
      -0.007746518446345412,
      -0.012145841704319127,
      -0.007676969533321895,
      -0.03126408136389305,
      -0.02942776956114253
    ],
    "magnetization sweep list": [
      0.008598103018766278,
      0.008816745433792123,
      0.009105170665043143
    ],
    "magnetization length list": [
      -0.08625985357693838,
      0.07546274787056055,
      -0.011199148224115643,
      0.02243943063131934,
      -0.0521296835082105,
      -0.01338768251813309,
      0.05364153518834573,
      0.0373655469609098,
      0.023115501414535205,
      0.07076419922530386,
      -0.02608113656927647,
      -0.020207176178914963,
      0.04081133255748967,
      -0.002164139495288544,
      0.022524758286754883,
      0.015660989423678648,
      0.01398722971201633,
      0.015144006354507182,
      0.028192149576789508,
      -0.025778328128579216,
      -0.008784644949474615,
      -0.012245166622817272,
      -0.0060970808208859455,
      0.02369291708990549,
      -0.0031892573661147544,
      0.007900075536731674,
      0.0024795035082784264,
      -9.743033521269172e-5,
      -0.02000390647753844,
      0.023366688911111367,
      -0.024348504342902536,
      0.01067337604440827,
      -0.0009227161655703747,
      0.0218965017790055,
      -0.013604686944973705,
      0.0018389093996827367,
      -0.008453691507119115,
      0.019789059728932794,
      -0.010610780718671095,
      -0.005536983052153013,
      -0.029473413016363546,
      -0.011042006530943067,
      -0.011993701247964979,
      0.012129454072762752,
      0.004435392900256375,
      -0.021931208764362074
    ]
  }
}
