{
    "maximum bond dimension per tebd step": [
        18,
        26,
        26,
        26,
        26,
        26,
        26,
        26,
        26,
        26,
        26,
        26,
        26,
        26,
        26
    ],
    "energy sweep list": [
        -0.470715440768933,
        -0.4425228757700633,
        -0.44253319630527294,
        -0.44253316713456153,
        -0.44253316724149094,
        -0.4425331672410204,
        -0.44253316724105035,
        -0.44253316724102626,
        -0.44253316724104774,
        -0.4425331672410291,
        -0.4425331672410455,
        -0.44253316724103076,
        -0.44253316724104363,
        -0.44253316724103164,
        -0.4425331672410433
    ],
    "Trotter-Suzuki time step": 0.001,
    "magnetization sweep list": [
        0.027179579636145933,
        0.006058934726316664,
        0.0031737752880226775,
        0.00214997680895456,
        0.0016255922214045634,
        0.0013068486485802693,
        0.0010926111652063,
        0.0009387222686984664,
        0.0008228306305874853,
        0.0007324096821712757,
        0.0006598938720553586,
        0.0006004439736719899,
        0.0005508205047734809,
        0.0005087731379968756,
        0.0004726899367205139
    ],
    "axis spin": "z",
    "Dmax": 300,
    "initial bond dimension": 10,
    "J": 1,
    "cutoff": 1.0e-15,
    "disorder": 0,
    "type d'initialisation": "neel",
    "N": 100,
    "length list": [
        10,
        110,
        210,
        310,
        410,
        510,
        610,
        710,
        810,
        910,
        1010,
        1110,
        1210,
        1310,
        1410,
        1510,
        1610,
        1710,
        1810,
        1910,
        2010,
        2110,
        2210,
        2310,
        2410,
        2510,
        2610,
        2710,
        2810,
        2910,
        3010,
        3110,
        3210,
        3310,
        3410,
        3510,
        3610,
        3710,
        3810,
        3910,
        4010,
        4110,
        4210,
        4310,
        4410,
        4510,
        4610,
        4710,
        4810,
        4910,
        5010,
        5110,
        5210,
        5310,
        5410,
        5510,
        5610,
        5710,
        5810,
        5910,
        6010,
        6110,
        6210,
        6310,
        6410,
        6510,
        6610,
        6710,
        6810,
        6910,
        7010,
        7110,
        7210,
        7310,
        7410,
        7510,
        7610,
        7710,
        7810,
        7910,
        8010,
        8110,
        8210,
        8310,
        8410,
        8510,
        8610,
        8710,
        8810,
        8910,
        9010,
        9110,
        9210,
        9310,
        9410,
        9510,
        9610,
        9710,
        9810,
        9910
    ],
    "proportion spin average": 0.5
}
