{
    "effective sweep list": [
        1000,
        500,
        500,
        500,
        500,
        500,
        500,
        500,
        500,
        500,
        500,
        500,
        500,
        500,
        500,
        500,
        500,
        500,
        500
    ],
    "maximum bond dimension per tebd step": [
        72,
        86,
        94,
        100,
        106,
        110,
        115,
        118,
        121,
        124,
        126,
        129,
        131,
        133,
        134,
        136,
        137,
        139,
        140
    ],
    "energy sweep list": [
        -0.34056002431590465,
        -0.3970546990954301,
        -0.4192273893126595,
        -0.42864264442611827,
        -0.43312560033127506,
        -0.43553172459239775,
        -0.4369701073908171,
        -0.437910660196325,
        -0.43857091913244034,
        -0.43906043077036705,
        -0.4394389762687645,
        -0.43974175027707524,
        -0.43999092859229194,
        -0.4402012888199996,
        -0.4403831027177112,
        -0.44054371935765935,
        -0.44068848890041656,
        -0.4408213351926329,
        -0.4409451298206728
    ],
    "Trotter-Suzuki time step": 0.001,
    "sweep range": [
        1000,
        1500,
        2000,
        2500,
        3000,
        3500,
        4000,
        4500,
        5000,
        5500,
        6000,
        6500,
        7000,
        7500,
        8000,
        8500,
        9000,
        9500,
        10000
    ],
    "magnetization sweep list": [
        0.0016236563396167555,
        0.002275632728506333,
        0.0020796922053116272,
        0.0016284118384670026,
        0.001221333405039684,
        0.0009176983834994505,
        0.0006976977681302226,
        0.0005317509436025149,
        0.00039893233320382066,
        0.0002872353803585512,
        0.0001901265661441781,
        0.00010374870699533814,
        2.5353050522477355e-5,
        -4.7395279203854416e-5,
        -0.00011663651279178261,
        -0.00018432274486660633,
        -0.0002521542511338376,
        -0.00032151119414816566,
        -0.00039340576480670776
    ],
    "axis spin": "z",
    "Dmax": 300,
    "initial bond dimension": 10,
    "J": 1,
    "cutoff": 1.0e-15,
    "N": 200
}
