{
    "effective sweep list": [
        1000,
        500,
        500,
        500,
        500
    ],
    "maximum bond dimension per tebd step": [
        72,
        87,
        97,
        105,
        113
    ],
    "energy sweep list": [
        -0.3391106128260256,
        -0.39299605627368117,
        -0.4145657432148475,
        -0.42464801083245296,
        -0.430174173872675
    ],
    "Trotter-Suzuki time step": 0.001,
    "sweep range": [
        1000,
        1500,
        2000,
        2500,
        3000
    ],
    "magnetization sweep list": [
        0.003074400364935559,
        0.007008720762505387,
        0.008406386523056735,
        0.008365460617479998,
        0.007773498409135936
    ],
    "axis spin": "z",
    "Dmax": 300,
    "initial bond dimension": 10,
    "J": 1,
    "cutoff": 1.0e-15,
    "N": 100
}
