{
    "effective sweep list": [
        1000,
        500,
        500,
        500,
        500,
        500,
        500,
        500,
        500,
        500,
        500,
        500,
        500,
        500,
        500,
        500,
        500,
        500,
        500
    ],
    "maximum bond dimension per tebd step": [
        74,
        89,
        102,
        114,
        124,
        131,
        137,
        141,
        144,
        146,
        148,
        148,
        149,
        149,
        149,
        149,
        149,
        149,
        149
    ],
    "energy sweep list": [
        -0.33197389233715785,
        -0.389056791629342,
        -0.4128713605738417,
        -0.42435820494136484,
        -0.4306749584022477,
        -0.4344615157047203,
        -0.43685663951192777,
        -0.4384322975368726,
        -0.4395042903609782,
        -0.44025652120063125,
        -0.4407999454954294,
        -0.44120328827028954,
        -0.44151001767231074,
        -0.4417481672765499,
        -0.44193620992727706,
        -0.4420866347403401,
        -0.44220814052520246,
        -0.4423069826498665,
        -0.44238780130247707
    ],
    "Trotter-Suzuki time step": 0.001,
    "sweep range": [
        1000,
        1500,
        2000,
        2500,
        3000,
        3500,
        4000,
        4500,
        5000,
        5500,
        6000,
        6500,
        7000,
        7500,
        8000,
        8500,
        9000,
        9500,
        10000
    ],
    "magnetization sweep list": [
        0.0029718933118916446,
        0.0034977201194160866,
        0.004224652040590485,
        0.0048106838992315664,
        0.005171858792080408,
        0.005383321162336655,
        0.005493027029212398,
        0.005511714801081536,
        0.005443405819224048,
        0.005298733601815176,
        0.005094339980723738,
        0.004848837063016726,
        0.004579700657277523,
        0.004301676328721498,
        0.004026247681130478,
        0.0037617066776212994,
        0.0035135286660885707,
        0.0032848759308702485,
        0.0030771244185080074
    ],
    "axis spin": "z",
    "Dmax": 300,
    "initial bond dimension": 10,
    "J": 1,
    "cutoff": 1.0e-15,
    "disorder": 0,
    "N": 150,
    "proportion spin average": 0.5
}
