{
    "effective sweep list": [
        1000,
        500,
        500,
        500,
        500,
        500,
        500,
        500,
        500,
        500,
        500,
        500,
        500,
        500,
        500,
        500,
        500,
        500,
        500
    ],
    "maximum bond dimension per tebd step": [
        72,
        86,
        98,
        107,
        116,
        122,
        128,
        133,
        137,
        140,
        143,
        145,
        146,
        148,
        149,
        150,
        151,
        151,
        151
    ],
    "energy sweep list": [
        -0.33918899960146226,
        -0.39362339503624916,
        -0.41494403609568503,
        -0.42458479989789155,
        -0.42977826210997044,
        -0.4329842877714136,
        -0.4351498045006727,
        -0.43669328889087355,
        -0.4378271292319544,
        -0.4386747057905804,
        -0.4393163232000657,
        -0.4398082871730382,
        -0.4401915018702906,
        -0.4404959574304186,
        -0.4407435409954988,
        -0.44095005407035226,
        -0.44112675066662793,
        -0.44128152498142775,
        -0.44141982272272556
    ],
    "Trotter-Suzuki time step": 0.001,
    "sweep range": [
        1000,
        1500,
        2000,
        2500,
        3000,
        3500,
        4000,
        4500,
        5000,
        5500,
        6000,
        6500,
        7000,
        7500,
        8000,
        8500,
        9000,
        9500,
        10000
    ],
    "magnetization sweep list": [
        -0.002587402410472858,
        -0.00252820288357882,
        -0.003150878016167206,
        -0.0038153082585379292,
        -0.004456034546263976,
        -0.00500362841840904,
        -0.005403230602913824,
        -0.005639865439981293,
        -0.005732007959507767,
        -0.005715578133170461,
        -0.005629775089515026,
        -0.005508494523742763,
        -0.005376975129038382,
        -0.00525182612472092,
        -0.005142628171345382,
        -0.00505390860941666,
        -0.004986891637677206,
        -0.004940824230930875,
        -0.004913884095981044
    ],
    "axis spin": "z",
    "Dmax": 300,
    "initial bond dimension": 10,
    "J": 1,
    "cutoff": 1.0e-15,
    "N": 100
}
