{
    "maximum bond dimension per tebd step": [
        20,
        34,
        38,
        38,
        38,
        38,
        38,
        38,
        38,
        38,
        38,
        38,
        38,
        38,
        38,
        38,
        38,
        38,
        38,
        38,
        38,
        38,
        38,
        38,
        38,
        38,
        38,
        38,
        38,
        38,
        38,
        38,
        38,
        38,
        38,
        38,
        38,
        38,
        38,
        38,
        38,
        38,
        38,
        38,
        38
    ],
    "energy sweep list": [
        -0.4728377980674293,
        -0.44373637849139014,
        -0.4389361400704376,
        -0.4427746880901128,
        -0.4440724737523837,
        -0.4429455906119192,
        -0.4424724887761505,
        -0.44290156158140503,
        -0.4431052978480578,
        -0.44293131138050557,
        -0.44284417076542354,
        -0.44292217620822255,
        -0.4429627397111862,
        -0.44292758955087214,
        -0.4429088861185298,
        -0.44292546902232866,
        -0.44293445637358486,
        -0.44292660714017196,
        -0.44292229644004033,
        -0.4429261016809869,
        -0.44292821484432865,
        -0.44292636238404753,
        -0.4429253246486071,
        -0.44292623892089716,
        -0.44292675494260353,
        -0.44292630176618125,
        -0.4429260444026461,
        -0.44292627095676274,
        -0.44292640031576497,
        -0.4429262866090615,
        -0.44292622138390236,
        -0.442926278781506,
        -0.4429263118408695,
        -0.44292628276810364,
        -0.44292626596308377,
        -0.44292628074967244,
        -0.44292628932413397,
        -0.442926281781711,
        -0.4429262773955435,
        -0.4429262812548246,
        -0.4429262835048985,
        -0.4429262815253457,
        -0.4429262803685234,
        -0.4429262813864077,
        -0.4429262819825093
    ],
    "Trotter-Suzuki time step": 0.001,
    "magnetization sweep list": [
        0.007561220847023648,
        0.0064217446619887555,
        0.015096316600166004,
        0.007172862644325491,
        0.011642748724001844,
        0.005728835602959375,
        0.008820221767157821,
        0.004515240975734731,
        0.006970929819048082,
        0.003664182731485879,
        0.005729575720243606,
        0.0030662070265800668,
        0.0048545004333808645,
        0.0026313630585920655,
        0.004208844671951802,
        0.002303255188390373,
        0.0037140997916028703,
        0.0020475482438814746,
        0.003323249475240557,
        0.0018428484990776354,
        0.0030067778283065913,
        0.0016753313838986938,
        0.002745326402201475,
        0.001535724318800277,
        0.0025257023006650583,
        0.0014175927213507331,
        0.0023386137826791557,
        0.0013163363798526615,
        0.002177330220058868,
        0.0012285806975680968,
        0.002036857342485566,
        0.001151794424784211,
        0.001913411453823462,
        0.0010840418172562449,
        0.001804073659444499,
        0.0010238172734166457,
        0.0017065561651596897,
        0.0009699321541936699,
        0.0016190404646080519,
        0.0009214355466028689,
        0.0015400628810311435,
        0.000877557663464045,
        0.0014684320493725648,
        0.0008376686787702453,
        0.0014031684027388607
    ],
    "axis spin": "z",
    "Dmax": 300,
    "initial bond dimension": 10,
    "J": 1,
    "cutoff": 1.0e-15,
    "disorder": 0,
    "type d'initialisation": "neel",
    "N": 100,
    "length list": [
        10,
        20,
        30,
        40,
        50,
        60,
        70,
        80,
        90,
        100,
        110,
        120,
        130,
        140,
        150,
        160,
        170,
        180,
        190,
        200,
        210,
        220,
        230,
        240,
        250,
        260,
        270,
        280,
        290,
        300,
        310,
        320,
        330,
        340,
        350,
        360,
        370,
        380,
        390,
        400,
        410,
        420,
        430,
        440,
        450,
        460,
        470,
        480,
        490,
        500,
        510,
        520,
        530,
        540,
        550,
        560,
        570,
        580,
        590,
        600,
        610,
        620,
        630,
        640,
        650,
        660,
        670,
        680,
        690,
        700,
        710,
        720,
        730,
        740,
        750,
        760,
        770,
        780,
        790,
        800,
        810,
        820,
        830,
        840,
        850,
        860,
        870,
        880,
        890,
        900,
        910,
        920,
        930,
        940,
        950,
        960,
        970,
        980,
        990,
        1000
    ],
    "proportion spin average": 0.5
}
